countrycode,country,year,democracy,polity,gdppc,enrl_gross,enrl_net,agri,slums,telephone,internet,tax,electricity,mobile,service,oil,natural,literacy,prim_compl,infant,hosp,tub,health_ex,ineq,unemploy,lifeexp,urban,un_continent_name,un_region_name,polity5,l.gdp,gdpgrowth
AFG,AFGHANISTAN,2015,0,-1,574.1841143,103.534523,NA,47.06999969,NA,0.319641044,8.26,7.585382331,71.5,57.27106807,53.2352935,0.001076378,0.495307093,NA,NA,53.2,0.5,189,10.10534763,NA,11.39,63.377,24.803,Asia,Southern Asia,-1,583.6560179,-9.471903600000019
AGO,ANGOLA,2015,0,-2,3748.320252,113.4779587,NA,51.15999985,NA,1.021808589,29,11.00201914,42,49.79322295,48.65988909,10.34477721,10.80155578,NA,NA,57.8,NA,366,2.60579467,NA,7.26,59.398,63.446,Africa,Middle Africa,-2,3843.198733,-94.87848100000019
ALB,ALBANIA,2015,1,9,4524.373086,105.5429764,94.17835,41.27999878,NA,7.843521202,56.9,18.51579605,99.98,117.6592183,46.28434792,1.337058538,1.621620436,NA,98.86158752,8.5,NA,17,4.89632177,3.1,17.19,78.025,57.434,Europe,Southern Europe,9,4413.296891,111.07619499999964
AND,ANDORRA,2015,1,NA,42150.68751,NA,NA,NA,NA,49.80066914,NA,NA,100,91.44351438,NA,NA,0,NA,NA,3.3,NA,5.9,6.23245335,NA,NA,NA,88.345,NA,NA,NA,40914.72852,1235.9589900000065
ARE,UNITED ARAB EMIRATES,2015,0,-8,40247.76452,111.5427628,93.73636,2.00999999,NA,24.38378909,90.5,0.057734024,100,193.7034838,55.36508545,13.12454356,14.05058311,93.22714233,103.5202026,6.7,1.1,0.78,3.58359146,NA,1.74,77.285,85.674,Asia,Western Asia,-8,38495.01711,1752.7474099999963
ARG,ARGENTINA,2015,1,9,10568.15781,111.3034134,99.49576,0.25999999,NA,23.38485831,68.04306411,12.33650694,99.81168365,143.566834,55.81490128,0.712016894,1.081226358,99.17996216,102.9737396,10.2,4.96,26,10.22933769,NA,7.61,76.068,91.503,Americas,South America,9,10398.69401,169.46380000000136
ARM,ARMENIA,2015,0,5,3923.708455,95.00364685,92.69541,35.33000183,NA,18.84655653,59.10083377,20.93122083,100,118.4217138,48.21266939,0,0.760031512,NA,94.59063721,12.8,4.2,50,10.1176281,3.4,18.26,74.467,63.085,Asia,Western Asia,5,3819.217787,104.49066799999991
ATG,ANTIGUA,2015,1,NA,13327.43445,104.9906235,94.16545,NA,NA,21.37528589,70,NA,100,188.1025159,69.88088344,0,0,98.94999695,92.55548096,6.8,3.61,4.3,5.27965546,NA,NA,76.483,25,Americas,Caribbean,NA,12976.33146,351.1029900000012
AUS,AUSTRALIA,2015,1,10,55079.89234,101.5999069,96.9821,2.640000105,NA,35.51655402,84.56051491,21.8654919,100,107.6778349,67.2907994,0.20609123,3.27865687,NA,NA,3.3,3.82,6,9.32331181,NA,6.05,82.4,85.701,Oceania,Australia and New Zealand,10,54679.41645,400.4758900000015
AUT,AUSTRIA,2015,1,10,47789.38502,101.9974823,88.59448,4.53000021,NA,41.59513105,83.94014193,26.82616742,100,155.2154711,62.8806356,0.032624759,0.134802777,NA,100.3737869,3,7.54,7.5,10.36746693,3,5.72,81.1902439,57.715,Europe,Western Europe,10,47842.74891,-53.36389000000054
AZE,AZERBAIJAN,2015,0,-7,6064.473341,106.6014862,94.14265,36.36000061,NA,18.66439358,77,15.60316293,100,111.1650782,40.65042295,12.06793911,14.56859577,99.78806305,103.2802124,23.4,NA,71,4.10663605,NA,4.96,72.266,54.714,Asia,Western Asia,-7,6073.40275,-8.929409000000305
BDI,BURUNDI,2015,1,-1,228.4324481,130.9034271,NA,86.29000092,NA,0.214310391,2.1,NA,8.403089523,49.18977601,49.36541366,0,15.53249535,NA,64.53968048,45.9,NA,122,6.57857561,NA,1.55,60.123,12.078,Africa,Eastern Africa,-1,245.3266324,-16.894184300000006
BEL,BELGIUM,2015,1,8,45507.23106,103.1558075,98.06739,1.179999948,NA,39.76554624,85.05294175,24.35453781,100,113.1658212,69.2286131,0,0.019531679,NA,NA,3.2,5.83,9.5,10.42703342,3.4,8.48,80.99268293,97.876,Europe,Western Europe,8,44855.9702,651.2608599999949
BEN,BENIN,2015,1,7,1128.995399,132.4668427,NA,41.08000183,NA,1.840647537,11.25498791,NA,29.62,88.1051181,49.2408969,0.057371009,4.304299508,NA,81.14032745,64.3,NA,60,2.90741515,1,2.57,60.608,45.695,Africa,Western Africa,7,1140.448173,-11.45277400000009
BFA,BURKINA FASO,2015,0,6,726.7128302,88.36615753,69.38962,29.75,NA,0.414535689,7,13.2802007,16.07070351,79.77028842,44.08181423,0,11.63285023,NA,62.02980042,59.5,NA,52,5.82546854,NA,6.04,59.919,27.53,Africa,Western Africa,6,720.1517026,6.561127599999963
BGD,BANGLADESH,2015,0,1,1002.388795,NA,NA,43.45999908,NA,0.553106104,8.3,8.498348828,74.44007874,84.07708629,53.71383194,0.029243276,0.934311292,65.1373291,NA,30.6,0.77,221,2.46311474,NA,4.38,71.514,34.308,Asia,Southern Asia,1,951.3320759,51.05671910000001
BGR,BULGARIA,2015,1,9,7663.722029,94.19827271,90.40649,6.860000134,NA,22.98525739,56.65625161,20.29004878,100,127.70783,58.60599142,0.014923731,0.65940609,NA,96.19129181,6.8,7.24,28,7.41338348,1.5,9.14,74.61463415,73.99,Europe,Eastern Europe,9,7322.808629,340.91339999999946
BHR,BAHRAIN,2015,0,-10,22353.32701,101.2005081,96.45648,1.080000043,NA,20.41876268,93.4783008,NA,100,183.6245336,58.59491702,2.447404534,5.129701491,NA,98.74027252,6.5,1.95,15,4.97506618,NA,1.32,76.762,88.999,Asia,Western Asia,-10,22395.33956,-42.012549999999464
BHS,BAHAMAS,2015,1,NA,27583.85102,86.22971344,79.81499,2.4400000569999998,NA,32.31508848,78,12.83895164,100,83.15606912,77.16296069,0,0.014446952,NA,85.22869873,12,2.83,19,5.20896244,NA,12,73.088,82.746,Americas,Caribbean,NA,27785.88084,-202.02982000000338
BIH,BOSNIA,2015,1,NA,5352.718894,NA,NA,17.52000046,NA,22.53142787,52.6,19.9342157,99.7,100.4128758,56.1754859,0,1.013488849,NA,NA,5.4,NA,40,9.33953667,NA,27.69,76.865,47.173,Europe,Southern Europe,NA,5113.670747,239.04814699999952
BLR,BELARUS,2015,0,-7,6384.817145,99.14978027,93.96598,9.699999809,NA,48.10332157,62.23036091,14.17309447,100,121.2815762,47.7421763,0.421769563,1.153056425,NA,96.76220703,3,NA,50,6.06533337,4.1,5.91,73.62439024,77.181,Europe,Eastern Europe,-7,6649.649328,-264.83218300000044
BLZ,BELIZE,2015,1,NA,4308.190141,112.8883286,96.20372,18.07999992,NA,6.539440838,41.59,25.10104564,91.8,58.72170181,60.0728643,0.788575477,1.208047792,NA,104.2317963,13.2,NA,25,5.81823015,NA,7.58,74.034,45.406,Americas,Central America,NA,4287.442683,20.747457999999824
BOL,BOLIVIA,2015,1,7,2361.056099,95.90843964,87.3167,27.85000038,NA,8.107239094,37.49,NA,91.522822,93.49660939,45.97640028,1.340657277,3.767257349,92.45507813,88.83914185,25.1,1.13,117,6.55064964,1.1,3.07,70.277,68.393,Americas,South America,7,2286.013171,75.04292799999985
BRA,BRAZIL,2015,1,8,11431.15504,NA,94.73055,10.19999981,NA,21.36096402,58.32795173,13.62971679,99.710902,126.0879559,62.30786717,1.076084346,2.386846557,92.04789734,NA,14,2.15,43,8.87090969,1.2,8.43,74.994,85.77,Americas,South America,8,11951.20892,-520.0538799999995
BRB,BARBADOS,2015,1,NA,15836.21599,95.91723633,93.76577,2.890000105,NA,52.40778904,76.11,25.39180814,100,117.337483,NA,0.168746667,0.184925552,NA,NA,13,5.9,0,6.7748456,NA,11.35,78.801,31.249,Americas,Caribbean,NA,15484.9469,351.2690899999998
BRN,BRUNEI,2015,0,NA,32872.91231,105.5275497,92.48465,0.74000001,NA,18.3178399,71.2,NA,100,111.6838231,39.43045015,7.708450648,19.41882555,NA,102.1722794,8.8,2.77,59,2.38708901,NA,7.69,75.318,76.663,Asia,South-Eastern Asia,NA,33416.0479,-543.135589999998
BTN,BHUTAN,2015,0,5,2780.785155,104.2337723,88.17317,58,NA,2.996526881,39.8,13.26203862,95.44389343,92.83820321,38.61861691,0,4.028295413,NA,NA,27.4,NA,165,3.65720773,NA,2.45,70.419,38.678,Asia,Southern Asia,5,2639.611895,141.17326000000003
BWA,BOTSWANA,2015,1,8,7613.69852,103.2383881,NA,21.89999962,NA,7.567727126,37.31205037,24.68751301,62.13,163.8751723,58.14635966,0,0.740622265,NA,NA,32.1,NA,356,5.72629929,1.5,17.71,67.338,67.155,Africa,Southern Africa,8,7864.232154,-250.53363400000035
CAF,CENTRAL AFRICAN REP.,2015,0,0,346.6937467,NA,NA,71.83000183,NA,0.04186354,3.8,5.448991385,12.74572849,27.65294881,42.13239284,0,12.66145709,NA,NA,89.7,NA,540,5.03434181,NA,4.3,50.881,40.277,Africa,Middle Africa,0,334.4408238,12.252922900000044
CAN,CANADA,2015,1,10,50382.86307,102.4850769,99.58907,1.639999986,NA,43.33530798,90,12.38981091,100,82.61933463,67.00099777,0.037848988,0.334893277,NA,NA,4.6,2.62,5.2,10.68328094,2.5,6.91,81.9,81.259,Americas,Northern America,10,50427.88801,-45.02494000000297
CHE,SWITZERLAND,2015,1,10,79701.981,104.1841965,93.31881,3.4400000569999998,NA,49.8989065,87.4790556,9.446872617,100,135.5130156,71.80021934,0,0.010788837,NA,95.77346802,3.8,4.73,7.4,11.36931515,3.2,4.8,82.89756098,73.718,Europe,Western Europe,10,79299.83401,402.1469899999938
CHL,CHILE,2015,1,10,14722.36387,100.6848373,93.43477,9.380000114,NA,19.17642778,76.62959195,17.44376183,99.714844,129.1440655,57.8926858,0.020420417,4.02835584,96.87413025,96.97695923,6.7,2.14,16,8.30269146,2.2,6.51,79.646,87.36,Americas,South America,10,14561.31796,161.0459099999989
CHN,CHINA,2015,0,-7,6500.418323,96.31860352,NA,28.59000015,NA,16.41940148,50.3,9.376920447,100,91.835388,50.77164515,0.336653518,1.182763884,NA,NA,9.2,3.79,65,4.8887229,2.6,4.6,75.928,55.5,Asia,Eastern Asia,-7,6103.748402,396.6699209999997
CIV,COTE D'IVOIRE,2015,0,4,1463.710212,90.65904236,76.73595,43.5,NA,1.19368937,38.44000017,11.17582233,62.6,109.3922913,47.77376273,0.432285327,3.29367335,NA,60.44213104,65.3,NA,159,4.42198133,2.1,3.1,56.065,49.444,Africa,Western Africa,4,1379.141352,84.56885999999986
CMR,CAMEROON,2015,0,-4,1441.783476,116.2104416,92.07438,46.58000183,NA,4.507959527,18.3,12.61280732,58.55207825,77.94823655,52.07620492,2.121041347,6.104342717,NA,74.17043304,57.3,NA,212,3.74885845,NA,3.51,57.583,54.578,Africa,Middle Africa,-4,1401.753483,40.029993000000104
COG,"CONGO, REP.",2015,0,-4,3106.340771,NA,NA,34.34999847,NA,0.350075524,7.615974662,12.75364185,44.18732071,107.4114077,39.62167026,13.11597993,17.34214591,NA,NA,38.5,NA,379,3.41535068,NA,9.9,63.097,65.543,Africa,Middle Africa,-4,3301.690073,-195.34930200000008
COL,COLOMBIA,2015,1,7,7580.275713,115.2318878,91.9363,16.01000023,NA,14.96034136,55.90497251,15.79726266,98.186898,120.636922,56.21554582,2.730634075,3.678660325,94.24504852,100.0330505,13.4,1.61,31,7.52338552,1.3,8.3,76.531,79.764,Americas,South America,7,7449.325237,130.95047599999998
COM,COMOROS,2015,1,9,1353.644261,NA,NA,37.27000046,NA,1.877868448,7.459161386,NA,74.37182617,54.64019634,54.89954383,0,2.465839676,NA,NA,54.1,NA,35,4.73517609,NA,8.09,63.471,28.47,Africa,Eastern Africa,9,1370.513368,-16.869106999999985
CPV,CAPE VERDE,2015,1,NA,3414.577506,105.4968414,93.24357,14.53999996,NA,12.11716974,42.68301416,18.7780858,87.13669586,116.527138,60.51862181,0,0.799397011,86.79029083,95.21536255,16.7,NA,64,4.81784487,2.2,11.9,72.117,64.3,Africa,Western Africa,NA,3422.702573,-8.125066999999945
CRI,COSTA RICA,2015,1,10,9356.921319,111.2979507,97.60783,12.31000042,NA,17.72996598,59.76295014,13.25399422,99.409804,155.4435575,67.29795907,0,1.147252451,NA,99.58660126,7.7,1.16,11,7.82285929,1.5,9,79.565,76.862,Americas,Central America,10,9125.909569,231.01174999999967
CUB,CUBA,2015,0,-7,6522.739103,99.48757935,93.98312,18.64999962,NA,11.44266719,37.30509742,NA,98.67454529,29.45174834,72.75888584,0.447435372,0.692245052,NA,97.07624054,4.2,5.24,7.1,12.81401348,NA,2.4,78.561,76.896,Americas,Caribbean,-7,6255.422288,267.31681500000013
CYP,CYPRUS,2015,1,10,27865.59322,99.30011749,97.36852,4,NA,38.15949546,71.71574092,24.1283264,100,130.9823176,75.45816337,0,0.019967407,NA,96.81906128,2.2,3.42,6.2,6.92568588,3.2,14.91,80.35,66.946,Asia,Western Asia,10,26843.41546,1022.1777599999987
CZE,CZECH REPUBLIC,2015,1,9,21560.82623,99.51667786,88.69066,2.930000067,NA,17.98436565,75.6688387,14.76956046,100,117.4805076,54.05741974,0.010379548,0.309695938,NA,96.07079315,2.5,6.67,5.5,7.24275684,3.9,5.05,78.57804878,73.477,Europe,Eastern Europe,9,20498.70575,1062.1204799999978
DEU,GERMANY,2015,1,10,45208.06245,101.66745,89.23147,1.389999986,NA,55.44863133,87.58979935,11.47872896,100,117.8176431,62.1545645,0.010966974,0.075511768,NA,98.91829681,3.3,8.13,7.3,11.17801952,3.1,4.62,80.64146341,77.2,Europe,Western Europe,10,44930.79213,277.270319999996
DJI,DJIBOUTI,2015,0,3,NA,70.13204193,60.7187,28.20999908,NA,2.505708468,22.9,NA,57.66145325,34.3930424,80.24235533,0,0.66101077,NA,65.59613037,54.3,1.4,367,3.07555771,NA,11.39,64.136,77.417,Africa,Eastern Africa,3,NA,NA
DMA,DOMINICA,2015,1,NA,6891.894777,116.1912079,NA,NA,NA,28.91842153,65,NA,99.77677155,108.5287217,58.66478538,0,0.047444635,NA,105.9535828,27.3,NA,11,5.1857729,NA,NA,NA,69.579,Americas,Caribbean,NA,7090.860922,-198.96614499999941
DNK,DENMARK,2015,1,10,60402.12964,101.4564438,98.37249,2.49000001,NA,26.71459799,96.33050162,33.92161906,100,124.4441651,65.83381243,0.393694127,0.534416293,NA,98.73802948,3.5,2.53,6.5,10.22716618,3.7,6.28,80.70243902,87.526,Europe,Northern Europe,10,59437.94732,964.1823199999999
DOM,DOMINICAN REPUBLIC,2015,1,8,6661.868282,111.4053574,93.52992,9.720000267,NA,12.69216704,54.21576634,12.81184796,98.560364,85.56234973,59.06150326,0,0.535347858,91.99121094,99.52607727,26,1.58,55,5.78464127,1.9,7.61,73.241,78.566,Americas,Caribbean,8,6301.69379,360.1744920000001
DZA,ALGERIA,2015,0,2,4777.414791,115.8778381,97.54838,10.38000011,NA,8.224904208,38.2,NA,99.18688965,108.8089403,48.51919759,12.8196651,15.85764042,NA,105.5467224,21.6,1.9,75,6.97849178,NA,11.21,76.09,70.848,Africa,Northern Africa,2,4702.157063,75.2577280000005
ECU,ECUADOR,2015,1,5,5330.538497,107.6838379,91.6503,26.19000053,NA,15.49872872,48.94043379,NA,98.825883,79.84070461,51.37334502,4.351543513,4.785458165,94.45565796,106.4048386,13,1.57,39,8.58845711,1.6,3.62,76.143,63.398,Americas,South America,5,5412.133682,-81.59518500000013
EGY,EGYPT,2015,0,-4,2704.919707,NA,NA,25.81999969,NA,6.744873656,37.81938343,12.5192111,99.3,101.7022519,53.17055117,3.091911172,4.178824435,NA,NA,19.9,1.56,15,5.33657265,3.9,13.05,71.302,42.785,Africa,Northern Africa,-4,2649.447281,55.472425999999814
ERI,ERITREA,2015,0,-7,NA,76.16100311,59.76386,65.48000336,NA,1.974382093,1.083733116,NA,45.57744598,14.20956809,NA,NA,NA,NA,62.84111023,34,NA,102,4.4600234,NA,6.66,64.664,NA,Africa,Eastern Africa,-7,NA,NA
ESP,SPAIN,2015,1,10,30549.79181,106.3639908,99.39278,4.1199998860000004,NA,41.51041249,78.68963187,NA,100,109.4186042,67.97928711,0.002939417,0.047946213,98.14325714,103.3596802,2.7,2.98,9.9,9.12686825,1.9,22.06,82.83170732,79.602,Europe,Southern Europe,10,29398.61031,1151.1814999999988
EST,ESTONIA,2015,1,9,17620.58976,97.14640808,93.48484,3.9000000950000002,NA,29.46853439,88.4097035,21.51339499,100,144.7205063,60.2850418,0.282929854,1.145025253,NA,98.76663971,2.5,4.96,18,6.34629202,2.7,6.19,77.5902439,68.416,Europe,Northern Europe,9,17312.74378,307.84597999999824
ETH,ETHIOPIA,2015,0,-3,482.6390903,100.971489,84.62346,69.40000153,NA,0.883262711,13.85517556,8.351338267,29,41.96106195,39.54570915,0,12.19036608,NA,54.11090088,43.1,0.3,192,3.82316828,2.9,2.2,65.048,19.428,Africa,Eastern Africa,-3,449.4203268,33.21876350000002
FIN,FINLAND,2015,1,10,45647.66859,100.560791,99.11706,4.21999979,NA,9.800913025,86.42213333,20.47070511,100,134.9395252,60.82266954,0,0.413878313,NA,99.03192139,2,4.35,5.6,9.64523888,3.8,9.38,81.4804878,85.225,Europe,Northern Europe,10,45550.63234,97.03625000000466
FJI,FIJI,2015,1,2,4352.441203,106.7164612,98.72797,19.87999916,NA,8.353988536,42.5,23.61570563,95.12813568,111.2042338,55.43723633,0,1.040825065,NA,111.6333008,20.6,1.87,52,3.32468939,NA,4.36,67.103,54.726,Oceania,Melanesia,2,4175.438176,177.00302700000066
FRA,FRANCE,2015,1,9,41793.54471,101.9896393,98.43569,2.710000038,NA,60.39886305,78.00603771,23.19771546,100,103.4564614,70.20872149,0.005163267,0.041049665,NA,NA,3.5,6.13,8.4,11.46616745,3.1,10.35,82.32195122,79.655,Europe,Western Europe,9,41480.76961,312.77509999999893
FSM,"MICRONESIA, FED.",2015,1,NA,2718.686247,97.17474365,85.45699,NA,NA,6.251894026,31.50108128,5.418243679,74.47687531,20.66669728,61.85347463,0,0.032192135,NA,NA,27.8,NA,119,12.49603271,NA,NA,67.315,22.456,Oceania,Micronesia,NA,2633.458201,85.22804600000018
GAB,GABON,2015,0,3,9521.269005,NA,NA,32.13999939,NA,0.963091587,45.78453653,12.83006855,87.32967377,144.8670371,39.02919298,9.928434319,12.47895127,NA,NA,35.8,NA,537,2.65743947,NA,20.22,64.913,88.118,Africa,Middle Africa,3,9476.594707,44.67429799999991
GBR,UNITED KINGDOM,2015,1,NA,42121.67682,101.9252701,99.93433,1.139999986,NA,50.42730698,92.00029987,25.00332093,100,120.3319425,70.11972551,0.230328312,0.331668096,NA,102.010498,3.8,2.61,10,9.9043521900000009,2.9,5.3,80.95609756,82.626,Europe,Northern Europe,NA,41476.63928,645.0375399999975
GEO,GEORGIA,2015,1,7,4185.813871,102.7534714,99.58342,44.04999924,NA,23.61142622,47.56975964,22.24723737,100,137.9343335,62.01915427,0.040274177,0.55624032,NA,102.9413834,9.4,NA,99,7.93235874,2.6,16.51,72.973,57.448,Asia,Western Asia,7,4069.424495,116.38937600000008
GHA,GHANA,2015,1,8,1624.34119,108.3378906,89.28957,35.18000031,NA,0.9895076,23,18.67198652,74.17105103,125.7069529,42.14244854,1.410833956,10.89419915,NA,98.75621796,38.8,NA,160,4.62171459,NA,6.81,62.772,54.086,Africa,Western Africa,8,1627.108072,-2.766881999999896
GIN,GUINEA,2015,0,4,750.470134,NA,NA,63.97999954,NA,0,8.2,NA,33.9978981,94.15602819,45.50622732,0,14.1138586,NA,NA,68.7,NA,177,5.80920601,NA,4.38,59.598,35.141,Africa,Western Africa,4,741.0386056,9.431528400000047
GMB,GAMBIA,2015,0,-5,754.9924337,90.04512787,71.9013,29.38999939,NA,2.157383525,19.7,NA,54.44612503,130.1943563,51.88978736,0,5.558881778,50.77796936,67.47250366,39.8,NA,173,3.17612934,3,9.3,60.91,59.228,Africa,Western Africa,-5,747.710579,7.28185469999994
GNB,GUINEA-BISSAU,2015,0,6,575.0504948,NA,NA,62.81999969,NA,0,NA,NA,20.14110756,71.29240008,36.42825408,0,19.87141771,NA,NA,59.2,NA,361,8.59115314,NA,3.01,56.959,42.123,Africa,Western Africa,6,556.1490447,18.901450100000034
GNQ,EQUATORIAL GUINEA,2015,0,-6,14093.72914,61.7751503,43.48324,38.36000061,NA,0.969905046,NA,11.45673493,65.99684906,45.64013391,39.12221535,12.67798268,17.98058014,NA,40.77592087,68.1,NA,172,2.91533971,NA,8.31,57.359,70.616,Africa,Middle Africa,-6,16146.11682,-2052.38768
GRC,GREECE,2015,1,10,22337.15052,99.52629852,97.32526,12.899999619999999,NA,49.34975023,66.83495949,24.91791788,100,117.8887779,69.9523872,0.004135843,0.068717082,NA,97.3575592,3.9,4.25,4.7,8.01678371,1.9,24.9,81.03658537,78.046,Europe,Southern Europe,10,22282.24433,54.90618999999788
GRD,GRENADA,2015,1,NA,8193.939116,118.5521622,NA,NA,NA,24.66628345,53.81,NA,92.20235443,109.2774569,66.76277398,0,0,NA,NA,14.2,3.78,5.2,4.64675617,NA,NA,72.445,35.997,Americas,Caribbean,NA,7747.643017,446.29609899999923
GTM,GUATEMALA,2015,1,8,3159.603572,101.5126877,85.21609,31.87999916,NA,10.57596375,28.80594156,10.35825157,90.49639893,111.4995795,61.44899196,0.126216837,1.788112322,NA,82.71166992,23.7,0.58,26,5.85707808,NA,2.51,73.25,49.971,Americas,Central America,8,3087.169465,72.43410700000004
GUY,GUYANA,2015,1,7,5269.883778,NA,NA,16.92000008,NA,20.07435186,34,NA,88.08779907,70.70307206,44.10500451,0,8.564432501,NA,NA,27.4,NA,93,5.36894894,NA,13.46,69.262,26.441,Americas,South America,7,5261.756329,8.127449000000524
HND,HONDURAS,2015,1,7,2067.292756,92.7776413,77.96419,28.71999931,NA,5.454587752,27.1,17.34447206,89.98171,88.31847018,58.83306705,0,1.568462312,87.90682983,NA,16.5,0.66,40,7.48378992,1.3,6.15,74.495,55.165,Americas,Central America,7,2025.816457,41.476298999999926
HRV,CROATIA,2015,1,9,14111.25125,100.5792313,88.94188,9.229999542,NA,34.88187931,69.84503592,20.84564679,100,104.3182481,58.44501859,0.192505382,0.694377569,NA,103.4840393,4.2,5.56,13,6.78635979,2.7,16.18,77.27560976,56.155,Europe,Southern Europe,9,13663.16545,448.0857999999989
HTI,HAITI,2015,0,0,1260.600439,NA,NA,30.40999985,NA,0.053218434,12.1977,NA,40.75870895,68.25273558,52.50275612,0,0.572188967,NA,NA,53.2,NA,194,8.62852955,NA,13.95,62.485,52.427,Americas,Caribbean,0,1257.773914,2.826524999999947
HUN,HUNGARY,2015,1,10,14850.4252,102.325119,91.23812,4.900000095,NA,31.64504364,72.83473703,23.25368296,100,101.2544484,54.04544706,0.072450627,0.281004931,NA,96.9503479,4.3,6.99,10,6.88948917,3,6.81,75.56829268,70.5,Europe,Eastern Europe,10,14270.10814,580.3170599999994
IDN,INDONESIA,2015,1,9,3824.27487,105.9602432,NA,33.04000092,NA,4.016528455,22.0627426,10.75348778,97.53736744,131.1804585,43.30908092,0.788731,3.116901829,95.21793365,NA,23.3,0.98,325,2.99113512,3,4.51,70.768,53.313,Asia,South-Eastern Asia,9,3692.986879,131.28799100000015
IND,INDIA,2015,1,9,1751.664449,108.4852295,NA,45.25999832,NA,1.947864992,14.9,10.56970905,88,76.40759943,47.78374812,0.354014207,1.764172696,NA,97.71131897,34.9,0.58,217,3.59565997,NA,5.56,68.607,32.777,Asia,Southern Asia,9,1640.185025,111.47942400000011
IRL,IRELAND,2015,1,10,65490.85936,101.184639,95.75035,5.340000153,NA,41.52799884,83.49479167,18.77896299,100,105.3646002,53.68741633,0,0.017802752,NA,98.70777893,3.2,2.92,7.3,7.31716299,3.1,9.91,81.45365854,62.538,Europe,Northern Europe,10,52815.5291,12675.330260000002
IRN,IRAN,2015,0,-7,6070.187825,108.9007034,99.69128,18.03000069,NA,38.7541274,45.33497615,NA,99.96,94.55563842,55.90623757,12.76753869,15.81645541,NA,98.30149841,13.8,1.5,16,7.76057911,2.4,11.06,75.796,73.358,Asia,Southern Asia,-7,6232.93413,-162.74630499999967
IRQ,IRAQ,2015,0,6,5388.56703,NA,NA,20.38999939,NA,5.61392485,16.8,1.321196149,99.35511017,94.34036257,51.24965618,34.01128189,34.2467187,NA,NA,24.6,1.38,43,3.14279079,NA,10.72,69.929,69.921,Asia,Western Asia,6,5319.050036,69.51699400000052
ISL,ICELAND,2015,1,NA,47505.70406,98.62542725,98.56708,4.239999771,NA,50.91674918,98.2,22.6886428,100,116.2534861,64.36635205,0,3.01799e-4,NA,96.57388306,1.8,3.12,2.4,8.13130188,3.9,3.98,82.46829268,93.7,Europe,Northern Europe,NA,45964.00454,1541.6995199999947
ISR,ISRAEL,2015,1,6,33123.53307,105.6239624,97.20197,1.019999981,NA,42.76498435,77.35208966,23.31844779,100,132.4812089,68.22289475,0.001941378,0.246481302,NA,110.0570297,3.2,3.03,4,7.10652399,NA,5.25,82.05121951,92.179,Asia,Western Asia,6,33053.19324,70.33982999999716
ITA,ITALY,2015,1,10,33961.43619,100.3867493,96.56912,3.75,NA,33.36055862,58.14173496,24.73952717,100,144.756385,66.97142305,0.046671378,0.081836473,NA,99.80954742,3,3.2,6.6,8.85689163,1.7,11.9,82.54390244,69.565,Europe,Southern Europe,10,33666.69191,294.744279999999
JAM,JAMAICA,2015,1,9,4722.665689,91.88555908,84.96535,17.75,NA,8.746010492,42.22122119,24.81530926,94.9,108.5157458,61.84372019,0,1.266112454,NA,85.76687622,13.4,1.69,4.5,5.62562609,NA,13.51,74.098,54.833,Americas,Caribbean,9,4705.401813,17.263875999999982
JOR,JORDAN,2015,0,-3,3350.394203,NA,NA,2.880000114,NA,3.981384708,60.11438269,14.95102562,99.96422577,148.9004082,60.14076208,8.50612e-4,1.400035893,NA,NA,15.1,1.38,5.7,7.59315777,NA,13.08,74.078,90.256,Asia,Western Asia,-3,3396.24026,-45.8460570000002
JPN,JAPAN,2015,1,10,47102.58088,NA,NA,3.630000114,NA,49.77576497,91.05802839,NA,100,125.4518632,69.29594945,8.36117e-4,0.028211418,NA,NA,2,13.17,16,10.88550663,NA,3.4,83.79390244,91.381,Asia,Eastern Asia,10,46484.15527,618.4256099999984
KAZ,KAZAKHSTAN,2015,0,-6,10617.47466,111.6400833,86.31191,18.01000023,NA,23.60457673,70.8299336,9.835711552,100,149.7227182,59.29762787,6.753169056,9.55269289,NA,114.2725296,10.5,NA,81,3.04051089,4.3,4.93,71.97,57.191,Asia,Central Asia,-6,10646.03446,-28.559800000000905
KEN,KENYA,2015,1,9,1093.134102,103.6615677,NA,57.25999832,NA,0.17856928,16.58785485,16.2566354,41.6,78.77455056,46.21641225,0,2.960045209,NA,99.1434021,35.3,NA,380,5.21938848,2.4,2.8,64.798,25.658,Africa,Eastern Africa,9,1060.093155,33.04094699999996
KGZ,KYRGYZSTAN,2015,0,7,1021.160791,105.4100723,89.45166,29.30999947,NA,6.847268246,30.24704278,16.80166806,98.69,127.1905538,52.14983226,0.120833212,4.336878115,NA,108.2003632,19.9,NA,136,7.14930916,4.1,7.56,70.65121951,35.777,Asia,Central Asia,7,1003.510404,17.650387000000023
KHM,CAMBODIA,2015,0,2,1025.383486,117.0784836,95.26797,42.47000122,NA,1.651825256,18,14.5828781,68.84770203,134.3338529,39.83267342,0,1.817686573,80.52648926,95.51302338,27.2,0.8,366,6.19431591,NA,0.39,68.637,22.188,Asia,South-Eastern Asia,2,972.7425373,52.64094869999997
KIR,KIRIBATI,2015,1,NA,1710.702674,105.5511322,95.76556,NA,NA,1.331470297,12.99748389,22.08746918,90.55818141,36.9602452,60.70745253,0,0.07292428,NA,NA,44.6,1.9,559,7.98818541,NA,NA,67.291,51.619,Oceania,Micronesia,NA,1571.287818,139.41485599999987
KNA,ST. KITTS & NEVIS,2015,1,NA,16726.35927,108.3019638,NA,NA,NA,38.56805265,75.7,20.35971627,100,142.5873484,65.8779067,0,0,NA,107.9514771,14.1,NA,4.1,5.31862164,NA,NA,NA,30.827,Americas,Caribbean,NA,16694.77417,31.58510000000024
KOR,"KOREA, SOUTH",2015,1,8,26063.70649,98.78453827,97.98472,5.230000019,NA,56.83003787,89.8962558,13.15814434,100,115.9612246,55.57650557,1.90489e-4,0.018425354,NA,101.4107971,3,11.61,79,6.65271664,NA,3.55,82.02439024,81.634,Asia,Eastern Asia,8,25485.58401,578.1224800000018
KWT,KUWAIT,2015,0,-7,35969.37744,102.5897369,92.12953,2.079999924,NA,12.51436871,78,NA,100,199.832125,58.43739938,36.26221877,37.05523006,95.68544769,NA,7.5,2.04,22,4.01473618,NA,2.2,75.13,100,Asia,Western Asia,-7,37158.66987,-1189.2924300000013
LAO,LAOS,2015,0,-7,1538.852082,113.9655991,94.89325,65.58000183,NA,14.27790512,18.2,NA,89.7,55.28959094,44.1689694,0,5.53855992,84.66104126,101.0114212,42,NA,182,2.45366454,NA,0.69,66.546,33.108,Asia,South-Eastern Asia,-7,1456.46612,82.38596200000006
LBN,LEBANON,2015,0,6,6487.896102,NA,NA,12.81000042,NA,15.504346,74,13.46234503,100,71.29772813,73.68578671,0,0.002287824,NA,NA,7.1,3.37,12,7.67934227,NA,6.31,78.768,88.106,Asia,Western Asia,6,6755.078423,-267.18232100000023
LBR,LIBERIA,2015,1,6,571.4532573,95.33271027,NA,43.90999985,NA,0.201241886,10,NA,15.52771091,81.65948531,53.0924457,0,19.75276888,NA,NA,66.1,NA,308,10.37773991,NA,2.08,62.269,49.82,Africa,Western Africa,6,586.2289574,-14.775700099999995
LBY,LIBYA,2015,0,0,5899.899647,NA,NA,18.75,NA,16.56610808,19.01607978,NA,73.4978714,151.8635343,NA,24.8705752,27.28717784,NA,NA,11.4,3.7,40,NA,NA,18.87,72.121,79.27,Africa,Northern Africa,0,6530.854662,-630.9550149999995
LCA,ST. LUCIA,2015,1,NA,8491.756434,101.1423798,94.16119,11.47000027,NA,19.46897714,42.53093047,18.7102516,97.05250549,104.8094637,73.90598543,0,0.018653969,NA,NA,18.6,1.41,9,4.60818338,NA,20.67,75.596,18.515,Americas,Caribbean,NA,8648.662634,-156.90619999999944
LIE,LIECHSTENSTEIN,2015,1,NA,NA,105.6654205,94.30104,NA,NA,46.26634641,96.6411951,NA,100,109.2874299,NA,NA,0.001941109,NA,105.7471313,NA,NA,NA,NA,NA,NA,82.65609756,14.303,Europe,Western Europe,NA,NA,NA
LKA,SRI LANKA,2015,0,6,3647.393421,101.6614685,98.91893,28.65999985,NA,15.72446793,12.1,12.37995191,94.3347702,114.308452,57.379203,0,0.123390773,NA,99.0514679,7.5,NA,65,3.88992047,NA,4.52,76.316,18.256,Asia,Southern Asia,6,3505.550452,141.84296900000027
LSO,LESOTHO,2015,1,8,1289.109364,116.6345215,88.60833,46.68999863,NA,1.970353872,25,33.769182,31.78407669,103.9397364,51.53217278,0,6.184519147,NA,81.75554657,71.9,NA,780,8.4919643399999991,NA,24.4,51.038,26.908,Africa,Southern Africa,8,1259.534612,29.57475199999999
LTU,LITHUANIA,2015,1,10,15394.81064,102.0892563,98.16962,9.069999695,NA,19.16582534,71.37805901,16.69486269,100,142.7088762,59.90501771,0.027347707,0.3549815,NA,100.7350235,4,6.97,55,6.49459124,2.1,9.12,74.32195122,67.23,Europe,Northern Europe,10,14948.02712,446.78351999999904
LUX,LUXEMBOURG,2015,1,10,107638.2123,98.97225189,94.91362,1.049999952,NA,48.85829682,96.37671417,24.14969148,100,142.3577966,79.11560501,0,0.012654971,NA,79.15052032,2.4,4.93,6.1,5.28378248,2.9,6.67,82.29268293,90.179,Europe,Western Europe,10,105658.5207,1979.6916000000056
LVA,LATVIA,2015,1,8,14409.53786,99.39331818,95.83711,7.940000057,NA,17.820725500000002,79.20058292,22.38012187,100,129.6507839,65.34502553,0,0.971074416,NA,100.0109482,4.2,5.69,40,5.68592453,2.5,9.87,74.4804878,67.98,Europe,Northern Europe,8,13741.45625,668.0816100000011
MAR,MOROCCO,2015,0,-4,3222.054178,109.5239716,NA,36.68999863,NA,6.411249286,57.07999935,21.21149899,97.3,124.279337,49.74178855,0.00236005,2.443517618,NA,96.25771332,21.7,1.1,102,5.07174492,NA,9.46,75.726,60.809,Africa,Northern Africa,-4,3125.079481,96.97469699999965
MCO,MONACO,2015,1,NA,189523.0206,NA,NA,NA,NA,130.1368047,93.36330202,NA,100,90.19566255,82.39776029,NA,0,NA,NA,2.9,NA,0,2.02833343,NA,NA,NA,100,NA,NA,NA,182621.15,6901.870599999995
MDA,MOLDOVA,2015,1,9,2953.722656,92.41278076,86.85478,34.15000153,NA,29.53953865,69.00000447,16.40123682,100,91.21617904,52.98189393,0.013649652,0.329729603,NA,90.90860748,13.4,NA,102,8.55763531,4.1,3.69,71.478,42.49,Europe,Eastern Europe,9,2940.489002,13.233654000000115
MDG,MADAGASCAR,2015,0,6,469.9425222,147.3141937,NA,66.48999786,NA,0.613330281,4.17397219,8.945308037,20.5437088,44.12695456,55.12613888,0.071265882,8.61530173,NA,68.65421295,40.7,NA,233,5.72116804,NA,1.79,65.539,35.193,Africa,Eastern Africa,6,468.1128361,1.8296861000000035
MDV,MALDIVES,2015,0,NA,7501.56168,101.5349426,96.13286,9.8299999239999991,NA,4.816504182,54.46195515,NA,99.79016113,162.6215886,72.33232727,0,0.005869166,NA,103.6910019,8.7,NA,42,8.6903019,NA,5.67,77.691,38.529,Asia,Southern Asia,NA,7624.714796,-123.15311600000041
MEX,MEXICO,2015,1,8,10042.13953,106.6061096,96.07343,13.43000031,NA,16.55276658,57.43104299,12.78239352,99,88.37175565,61.04478022,1.563276546,2.178293329,94.47228241,104.9098206,13.9,1,22,5.79708719,NA,4.31,74.904,79.285,Americas,Central America,8,9843.397703,198.74182699999983
MHL,MARSHALL ISLANDS,2015,1,NA,2838.847134,87.51461029,72.45776,NA,NA,NA,19.2824418,17.34691751,92.5827179,26.98514946,75.31019077,NA,0,NA,NA,29.3,NA,300,17.35825539,NA,NA,NA,75.811,Oceania,Micronesia,NA,2806.509605,32.337528999999904
MKD,MACEDONIA,2015,1,9,5108.176197,93.89246368,91.7157,17.87000084,NA,17.84244718,70.38020308,16.81823312,100,100.2046334,53.73018173,0,0.911213135,NA,91.28556824,11.4,4.39,17,6.34227896,1.7,26.07,75.406,57.408,Europe,Southern Europe,9,4922.205523,185.97067400000014
MLI,MALI,2015,0,5,729.6338771,75.68318176,55.64191,62.27000046,NA,0.969139007,10.33,14.09510939,37.6,130.1634495,37.26606253,0,7.388938214,33.06888962,50.92628098,67,NA,57,4.11143351,NA,7.73,57.509,39.991,Africa,Western Africa,5,707.6959193,21.937957799999936
MLT,MALTA,2015,1,NA,26426.68189,103.549202,98.94416,1.470000029,NA,53.10142334,75.96001898,24.33835756,100,120.8972712,75.70097938,0,0,NA,100.2057114,6.1,4.59,8.5,9.20896149,3.4,5.38,81.89756098,94.414,Europe,Southern Europe,NA,24692.43054,1734.2513499999986
MMR,MYANMAR,2015,0,2,1388.500544,NA,NA,51.68999863,NA,0.977435277,NA,5.884499938,60.5,77.81539875,39.35310958,0.191142365,6.481487634,NA,NA,40.7,NA,391,5.4778142,3,0.77,65.81,29.858,Asia,South-Eastern Asia,2,1307.677692,80.82285200000001
MNG,MONGOLIA,2015,1,10,3895.421157,100.3623734,96.00155,28.450000760000002,NA,8.525569471,22.50000413,11.76281408,88.05883789,102.3251098,47.45794126,1.704772174,9.789107021,NA,98.1288681,17.3,7,428,4.23834133,NA,4.86,69.111,68.23,Asia,Eastern Asia,10,3880.347428,15.073729000000185
MOZ,MOZAMBIQUE,2015,0,5,580.0501072,108.6291428,91.51459,72.12000275,NA,0.330197446,6.5,20.33008851,24,74.45799316,47.43778958,0.053693412,12.98765582,56.03900146,48.95317841,61.5,NA,361,7.23973656,NA,3.43,57.206,34.4,Africa,Eastern Africa,5,559.1360588,20.914048399999956
MRT,MAURITANIA,2015,0,-2,1732.586032,104.5110321,NA,32.97000122,NA,1.26767633,15.19912669,NA,39.5,90.06949804,46.49321798,0.551714253,5.204353415,NA,70.39259338,55,NA,107,4.70125389,NA,10.22,63.936,51.089,Africa,Western Africa,-2,1692.461808,40.12422399999991
MUS,MAURITIUS,2015,1,10,9476.665389,102.9205399,96.13651,6.909999847,NA,30.17175669,50.13931848,8.993956959,99.4298172,139.9254916,66.29754594,0,0.001171309,92.70760345,100.4805603,12.7,NA,13,5.6999588,NA,7.41,74.35317073,41,Africa,Eastern Africa,10,9163.633473,313.0319159999999
MWI,MALAWI,2015,1,6,507.5483444,146.3968201,NA,77.29000092,NA,0.086364517,7.6,15.24219537,10.8,39.21521754,50.20147018,0,8.855925673,62.14353943,NA,37.3,NA,197,9.33333778,NA,5.85,61.953,16.313,Africa,Eastern Africa,6,507.5376634,0.010681000000033691
MYS,MALAYSIA,2015,0,5,10912.152,103.8186722,99.51663,12.47000027,NA,14.83104501,71.06406781,14.05686213,100,145.6973848,52.01389897,1.878324964,6.71145829,NA,101.7599869,6.9,1.86,90,3.81608534,2.3,3.1,75.461,74.213,Asia,South-Eastern Asia,5,10524.05418,388.09782000000087
NAM,NAMIBIA,2015,0,6,6369.716474,NA,NA,24.47999954,NA,7.883998645,25.68785182,33.42238687,51.6,110.1478506,57.94293265,0,1.885761273,NA,NA,33.3,NA,639,9.70993042,1,20.89,62.119,46.9,Africa,Southern Africa,6,6220.661826,149.05464800000027
NER,NIGER,2015,1,6,520.7561095,71.59590912,61.62795,73.76999664,NA,0.549954271,2.476219975,NA,16.6,44.79127561,38.52531519,0.967579307,9.804303593,NA,NA,51.9,0.31,95,7.13803673,NA,0.52,60.631,16.247,Africa,Western Africa,6,518.5867142,2.1693953000000192
NGA,NIGERIA,2015,1,7,2549.723112,NA,NA,36.93999863,NA,0.103322092,24.5,NA,52.5,83.26830849,58.12222192,3.027133107,5.064158511,NA,NA,79.5,NA,219,3.58195019,NA,4.31,53.112,47.838,Africa,Western Africa,7,2550.469949,-0.7468369999996867
NIC,NICARAGUA,2015,1,9,1836.037362,NA,NA,30.97999954,NA,5.688628431,19.7042915,15.58958836,83.34231567,116.7261909,48.573943,0,1.826249403,82.61454773,NA,16.6,0.93,50,7.96303225,NA,4.7,73.649,57.895,Americas,Central America,9,1775.016295,61.02106700000013
NLD,NETHERLANDS,2015,1,10,51871.57652,102.6976013,96.42447,2.319999933,NA,41.03981114,91.72413793,21.16062422,100,122.8506375,70.0646949,0.026942886,0.432116071,NA,NA,3.4,3.49,5.8,10.32396889,3.5,6.87,81.5097561,90.173,Europe,Western Europe,10,51100.83983,770.7366900000052
NOR,NORWAY,2015,1,10,90029.35564,99.90493011,99.77225,2.00999999,NA,18.16422672,96.81032569,22.22355077,100,109.905197,56.44905707,3.151827948,5.333785795,NA,97.96967316,2.2,3.76,6.3,10.13146877,3.5,4.3,82.30487805,81.091,Europe,Northern Europe,10,89175.49955,853.8560900000011
NPL,NEPAL,2015,1,6,730.1153981,144.1776733,98.09886,66.93000031,NA,3.13506951,17.58161801,14.68630457,83.52746582,101.854612,50.53989699,0,1.063146872,NA,111.8308105,29.7,NA,268,6.21927214,NA,3.1,69.515,18.557,Asia,Southern Asia,6,705.0417489,25.073649199999977
NRU,NAURU,2015,1,NA,9628.445423,NA,NA,NA,NA,NA,NA,16.60407751,99,90.53260137,93.98533078,0,0,NA,NA,28.7,NA,111,15.1927681,NA,NA,NA,100,NA,NA,NA,9361.274545,267.170877999999
NZL,NEW ZEALAND,2015,1,10,36743.30305,97.94277954,97.66835,6.139999866,NA,40.09073943,88.22288882,27.41783504,100,121.3557518,65.97399546,0.201054015,1.290506303,NA,NA,4.5,2.72,7.3,9.31466961,NA,5.35,81.45682927,86.341,Oceania,Australia and New Zealand,10,36158.54384,584.7592100000038
OMN,OMAN,2015,0,-8,16658.12197,108.3045731,94.06176,4.570000172,NA,10.1920912,73.53,NA,100,155.7561043,50.20199643,21.40675298,23.97357637,93.03861237,99.82885742,9.6,1.56,8.8,4.3044014,NA,3.32,76.887,81.35,Asia,Western Asia,-8,16870.05416,-211.93218999999954
PAK,PAKISTAN,2015,1,7,1081.294426,85.08992004,60.95668,41.00999832,NA,1.773882493,11,NA,71.41212463,63.13069982,52.16051784,0.326277598,1.246643048,NA,NA,62.1,0.6,270,2.68711925,3.9,3.57,66.577,36.026,Asia,Southern Asia,7,1054.23776,27.05666599999995
PAN,PANAMA,2015,1,9,10765.93175,96.07713318,87.28892,14.67000008,NA,15.6340691,51.20542499,10.10160612,92.2937088,144.6881141,65.8277225,0,0.13497609,NA,NA,14.6,2.29,52,6.8090291,1.1,3,77.776,66.696,Americas,Central America,9,10357.5148,408.4169499999989
PER,PERU,2015,1,9,6114.226211,100.2368469,92.73258,28.26000023,NA,9.555053712,40.85260091,14.91965132,93.852179,112.3563679,54.04257994,0.243161955,3.86737756,94.16233826,100.4050598,12.2,1.55,122,5.03110838,1.6,2.92,75.792,77.357,Americas,South America,9,5996.494374,117.73183700000027
PHL,PHILIPPINES,2015,1,8,2735.185521,112.2509308,95.0759,29.19000053,NA,3.157071389,NA,13.01961059,89.08,115.3994392,58.52154986,0.068033651,0.769548074,98.18254852,NA,23.5,NA,550,4.32136869,2.3,3.07,70.644,46.284,Asia,South-Eastern Asia,8,2612.854832,122.3306889999999
PLW,PALAU,2015,1,NA,12608.8849,NA,NA,NA,NA,40.78120577,NA,20.16481488,99.40684509,134.4070195,78.13623944,NA,0,96.59374237,NA,17.9,NA,91,11.39383602,NA,NA,NA,78.159,Oceania,Micronesia,NA,11751.54373,857.3411699999997
PNG,PAPUA NEW GUINEA,2015,1,5,2336.806417,NA,NA,59.79999924,NA,1.850076007,7.9,15.22728706,44.36001587,43.90847057,43.28101086,2.287646977,11.66608378,NA,NA,39.9,NA,432,1.81881714,NA,2.56,63.466,13.012,Oceania,Melanesia,5,2237.003297,99.80311999999958
POL,POLAND,2015,1,10,14610.8752,NA,NA,11.52999973,NA,23.80404163,67.99698716,15.68686456,100,143.3904315,56.22304443,0.029105598,0.717581436,NA,100.0444031,4.2,6.63,19,6.39785814,2.8,7.5,77.45121951,60.278,Europe,Eastern Europe,10,14007.7285,603.1467000000011
PRK,"KOREA, NORTH",2015,0,-10,NA,NA,NA,45.27000046,NA,4.685545683,NA,NA,40.31616211,12.86539662,NA,NA,NA,NA,NA,16,NA,513,NA,NA,2.83,71.481,61.277,Asia,Eastern Asia,-10,NA,NA
PRT,PORTUGAL,2015,1,10,22018.00945,106.9626312,97.45382,7.53000021,NA,45.16626607,68.63286148,22.78871911,100,112.9851121,65.52902506,0,0.135141094,NA,NA,3,3.37,23,8.97663212,2.4,12.44,81.12439024,63.514,Europe,Southern Europe,10,21540.98796,477.0214900000028
PRY,PARAGUAY,2015,1,9,4950.617419,NA,NA,19.700000760000002,NA,5.155719772,49.71630466,9.7366986,99.331532,110.8127891,48.64230097,0,1.598966632,95.55484009,NA,18.9,0.78,40,6.74699259,1.6,4.56,73.662,60.75,Americas,South America,9,4873.432304,77.18511500000022
QAT,QATAR,2015,0,-10,67443.10324,102.5765228,91.73736,1.230000019,NA,17.92435622,92.88482645,NA,100,145.7868972,46.06824649,13.82261933,19.93349784,NA,92.64425659,6.7,1.2,24,3.17197657,NA,0.17,79.758,98.945,Asia,Western Asia,-10,67171.13201,271.97122999999556
ROM,ROMANIA,2015,1,9,NA,NA,NA,NA,NA,NA,NA,NA,NA,NA,NA,NA,NA,NA,NA,NA,NA,NA,NA,NA,NA,NA,NA,NA,NA,9,NA,NA
RUS,RUSSIA,2015,0,4,11355.2363,99.07290649,95.66588,6.7100000380000004,NA,24.52206368,70.09924123,10.64209481,95.5,156.7665611,56.14249097,5.934759459,10.04341165,NA,100.2978516,7,8.35,67,5.29560423,2.8,5.57,71.18341463,74.05,Europe,Eastern Europe,4,11608.75864,-253.52233999999953
RWA,RWANDA,2015,0,-3,764.2605563,139.6243591,NA,66.94999695,NA,0.14937896,18,13.30122949,22.8,77.04779924,49.74108968,0,5.753198872,NA,63.35086823,30.9,NA,61,6.86232901,NA,1.14,67.45,17.004,Africa,Eastern Africa,-3,720.1591998,44.10135649999995
SAU,SAUDI ARABIA,2015,0,-10,21399.10112,110.3930206,97.28258,6.099999905,NA,11.81330897,69.6162358,3.334403723,100,166.4563349,51.94826116,23.19450109,24.10706865,NA,108.4384613,7.2,2.2,12,5.99834013,NA,5.59,74.651,83.18,Asia,Western Asia,-10,21087.62424,311.47687999999835
SEN,SENEGAL,2015,1,7,1348.568632,84.93398285,73.84804,33.33000183,NA,2.059332883,21.7,15.77433605,60.5,102.6135684,51.43687343,0,3.491946114,NA,59.66014862,36.4,NA,123,4.38257313,NA,6.76,66.747,45.862,Africa,Western Africa,7,1303.953832,44.61480000000006
SGP,SINGAPORE,2015,0,-2,54009.73892,NA,NA,0.079999998,NA,36.05231045,79.012957,13.13977453,100,147.2259695,69.95053184,0,3.82738e-4,96.82549286,NA,2.2,2.4,45,4.18069839,NA,3.79,82.74390244,100,Asia,South-Eastern Asia,-2,53068.35522,941.3837000000058
SLB,SOLOMON ISLANDS,2015,1,NA,1656.00695,113.5938568,70.59233,40.09000015,NA,1.233257837,10.00046498,25.75581206,55.1,70.41938725,NA,0,16.67728424,NA,88.05918884,19,NA,86,5.19329929,NA,0.67,72.173,22.36,Oceania,Melanesia,NA,1677.542385,-21.535435000000007
SLE,SIERRA LEONE,2015,1,7,441.1379716,116.0991287,95.11907,58.06000137,NA,0.237035748,6.344421603,NA,19.52425957,78.87713099,33.87134028,0,10.57136024,NA,59.79026031,94.2,NA,307,20.41341209,NA,4.64,52.941,40.829,Africa,Western Africa,7,567.8335388,-126.69556720000003
SLV,EL SALVADOR,2015,1,10,3314.78103,102.6575699,85.79246,18.11000061,NA,14.92881404,26.80260496,16.75268491,95.4,147.5723164,60.01295319,0,0.850742983,87.96984863,96.26837921,13.2,1.02,48,7.63034058,2.4,4,72.412,69.7,Americas,Central America,10,3252.596561,62.18446900000026
SMR,SAN MARINO,2015,1,NA,48564.62804,NA,NA,NA,NA,49.7415244,NA,17.89022288,100,110.0745371,NA,NA,0,NA,NA,1.8,NA,0,7.27498674,NA,NA,NA,96.739,Europe,Southern Europe,NA,47950.87294,613.7551000000021
SOM,SOMALIA,2015,0,5,NA,NA,NA,81.01999664,NA,0.36964019,1.76,NA,29.17281151,42.2984343,NA,NA,NA,NA,NA,82.8,0.87,274,NA,NA,13.25,55.92,43.245,Africa,Eastern Africa,5,NA,NA
STP,SAO TOME & PRINCIPE,2015,1,NA,1232.130163,105.2665863,87.94813,21.23999977,NA,3.229672269,25.82,NA,67.26376343,92.7489069,70.42874767,0,3.412883358,NA,NA,26.8,NA,156,5.34009647,NA,13.46,69.377,70.174,Africa,Middle Africa,NA,1208.23942,23.89074299999993
SUR,SURINAME,2015,1,5,8464.759113,115.803627,87.98828,7.690000057,NA,16.43872855,42.76382778,NA,95.00204468,134.2157552,54.49614616,2.818498286,5.586345553,NA,89.56555176,18,3.05,32,6.21926689,NA,7.22,71.249,66.056,Americas,South America,5,8856.485551,-391.7264379999997
SVK,SLOVAKIA,2015,1,10,18898.17699,98.49299622,82.57315,3.180000067,NA,15.94356182,77.63468203,18.18927678,100,122.8114558,56.85922037,0.001723529,0.26276195,NA,95.96457672,5.1,5.75,6.5,6.79333973,3,11.48,76.56341463,53.889,Europe,Eastern Europe,10,18047.19105,850.9859399999987
SVN,SLOVENIA,2015,1,10,23826.1315,99.9498291,98.02977,7.079999924,NA,36.35971242,73.09865997,18.49388308,100,113.6504025,56.33595153,8.76e-5,0.263555917,NA,98.08544922,2,4.51,7.2,8.49823952,3.9,8.96,80.77560976,53.781,Europe,Southern Europe,10,23328.47494,497.65655999999944
SWD,SWEDEN,2015,1,10,NA,NA,NA,NA,NA,NA,NA,NA,NA,NA,NA,NA,NA,NA,NA,NA,NA,NA,NA,NA,NA,NA,NA,NA,NA,10,NA,NA
SWZ,SWAZILAND,2015,0,10,4640.947006,119.2153778,84.16842,13.55000019,NA,3.89477231,25.64304231,NA,64.1318512,85.23211031,50.05250271,0,3.282255677,NA,89.14315033,45.9,NA,648,7.03397036,NA,23.44,55.359,23.3,Africa,Southern Africa,10,4578.284376,62.66263000000072
SYC,SEYCHELLES,2015,0,NA,13187.61195,104.3731079,94.64716,NA,NA,22.46941397,54.25961786,29.5985834,100,156.0824612,70.55345013,0,0.102871431,NA,108.7547226,12.7,NA,9.7,4.58823824,NA,NA,74.29512195,55.4,Africa,Eastern Africa,NA,12850.4932,337.11874999999964
SYR,SYRIA,2015,0,-9,NA,NA,NA,12.27000046,NA,19.6676377,29.97979724,NA,89.82977295,79.52406813,NA,NA,NA,NA,NA,17.8,1.47,20,NA,NA,8.5,69.908,52.168,Asia,Western Asia,-9,NA,NA
TCD,CHAD,2015,0,-2,956.659963,91.58312988,79.09656,75.37999725,NA,0.120679117,3.5,NA,7.7,38.73436811,33.03970976,7.5189901,13.19320091,26.00299072,37.49597168,76.1,NA,144,4.52395248,NA,1.87,53.137,22.515,Africa,Middle Africa,-2,961.3776737,-4.717710699999998
TGO,TOGO,2015,0,-2,630.9369057,128.0440063,91.97388,38.68000031,NA,0.719498337,7.12,18.95427306,44.74192047,66.2993479,27.4163891,0,12.72800872,63.74562073,NA,50.8,NA,52,6.24938154,1.9,2.2,59.927,40.1,Africa,Western Africa,-2,612.1489724,18.787933299999963
THA,THAILAND,2015,0,-3,5741.364097,100.6508636,NA,32.27999878,NA,7.726170095,39.31612674,16.14039794,99.6,149.8111512,54.94809903,0.534472601,2.088415417,92.86830902,NA,9.3,NA,163,3.66789317,3.2,0.6,76.091,47.694,Asia,South-Eastern Asia,-3,5589.326543,152.03755399999955
TJK,TAJIKISTAN,2015,0,-3,935.9893753,97.60878754,96.75781,48.56000137,NA,5.405707197,18.98,NA,98,100.4136726,39.1778382,0.048069958,2.326215851,NA,101.0742493,32.9,NA,86,6.9073596,3,7.53,70.137,26.742,Asia,Central Asia,-3,904.5352213,31.454154000000017
TKM,TURKMENISTAN,2015,0,-8,6693.936813,NA,NA,24.52000046,NA,11.64360436,14.99677482,NA,100,140.909175,36.40013089,5.713040954,17.99602598,NA,NA,36.2,NA,49,6.29793644,NA,3.94,67.704,50.317,Asia,Central Asia,-8,6399.173496,294.7633169999999
TMP,EAST TIMOR,2015,1,8,NA,NA,NA,NA,NA,NA,NA,NA,NA,NA,NA,NA,NA,NA,NA,NA,NA,NA,NA,NA,NA,NA,NA,NA,NA,8,NA,NA
TON,TONGA,2015,0,NA,4058.839086,116.3389664,85.94145,22.73999977,NA,13.11755192,38.65127243,NA,100,72.92346772,53.38146478,0,0.042138997,NA,NA,14.5,NA,16,4.57615185,2.8,2.64,70.517,23.275,Oceania,Polynesia,NA,4002.174965,56.664120999999795
TTO,TRINIDAD & TOBAGO,2015,1,10,16783.93922,NA,NA,3.430000067,NA,19.76694631,69.19847061,26.57266348,100,154.9537045,57.37540756,2.078967774,6.463061285,NA,NA,17.6,3.01,16,6.03951168,NA,2.43,72.941,53.319,Americas,Caribbean,10,16635.60142,148.33780000000115
TUN,TUNISIA,2015,1,7,4304.552686,114.5549393,NA,14.75,NA,8.44048573,46.49999434,NA,99.9,130.5540392,58.73023951,1.2444613390000001,2.403928254,NA,103.311409,14.8,2.18,38,7.00741243,3.2,15.16,75.922,68.056,Africa,Northern Africa,7,4299.850741,4.701944999999796
TUR,TURKEY,2015,1,3,13924.13,103.027298,94.63188,20.40999985,NA,14.635354,53.74497914,18.18078068,100,93.77284502,53.47559786,0.042382248,0.214453625,95.60141754,92.23309326,11.1,2.68,18,4.11690378,2.1,10.24,76.532,73.611,Asia,Western Asia,3,13346.4774,577.6525999999994
TUV,TUVALU,2015,1,NA,3429.233533,99.79878998,81.28773,NA,NA,18.01964141,42.7,NA,98.9172821,59.46481665,NA,0,0,NA,91.70124054,22.9,NA,207,16.69959259,NA,NA,NA,59.73,NA,NA,NA,3178.045195,251.18833799999993
TWN,TAIWAN,2015,1,10,NA,NA,NA,NA,NA,NA,NA,NA,NA,NA,NA,NA,NA,NA,NA,NA,NA,NA,NA,NA,NA,NA,NA,NA,NA,10,NA,NA
TZA,TANZANIA,2015,0,3,871.9982814,84.67946625,NA,67.48000336,NA,0.277411996,10,10.49249549,26.34278107,77.04656442,40.43116643,0,5.336143654,77.88722992,NA,41,NA,306,3.64969921,NA,2.1,63.111,31.617,Africa,Eastern Africa,3,846.3742955,25.62398589999998
UGA,UGANDA,2015,0,-1,903.8474545,102.6483994,NA,72.26000214,NA,0.860188629,NA,10.84835253,18.5,52.89740582,42.84408807,0,10.84130909,NA,NA,39.2,NA,202,6.78750038,NA,1.86,61.373,22.06,Africa,Eastern Africa,-1,889.8566402,13.990814300000011
UKR,UKRAINE,2015,1,4,2828.885069,NA,NA,15.26000023,NA,21.31226599,48.88464368,20.45136542,100,142.0030379,51.16864399,0.298386147,2.689199011,NA,NA,8.1,NA,91,7.77607775,4.2,9.14,71.1895122,69.061,Europe,Eastern Europe,4,3123.900089,-295.0150200000003
URY,URUGUAY,2015,1,10,13938.77373,111.0404816,99.45328,8.819999695,NA,32.42755221,64.5707871,18.50947757,99.70948,151.390984,59.32547075,0,1.839183282,98.52387238,103.5109863,7.6,2.43,30,9.00821114,2.1,7.49,77.369,95.045,Americas,South America,10,13934.55568,4.218050000001313
USA,UNITED STATES OF AMERICA,2015,1,10,52236.11935,100.2999115,93.8973,1.440000057,NA,38.90820791,74.55420245,11.20913427,100,119.1439209,76.78152563,0.008323013,0.234698331,NA,NA,5.8,2.8,3.2,16.71075249,1.8,5.28,78.6902439,81.671,Americas,Northern America,10,51051.99814,1184.1212099999975
UZB,UZBEKISTAN,2015,0,-9,2138.566925,99.93193054,94.44588,27.57999992,NA,9.106535215,42.8,14.27812755,100,70.42874879,35.9242323,0.548555422,7.572963995,99.98383331,98.24262238,20.3,NA,79,4.9875989,NA,5.2,70.928,50.75,Asia,Central Asia,-9,2025.353896,113.213029
VCT,ST. VINCENT & GREN.,2015,1,NA,6581.607107,110.2202377,93.19511,11.07999992,NA,22.78099461,51.77,23.59407329,99.54006958,103.8690585,63.7312584,0,0.032552437,NA,99.39427185,15.2,4.33,7.4,4.08409452,NA,19.16,72.095,50.964,Americas,Caribbean,NA,6511.132571,70.47453599999972
VEN,VENEZUELA,2015,0,4,NA,100.9366684,90.69857,7.329999924,NA,25.86310826,NA,NA,100,96.71458807,NA,NA,NA,96.60521698,96.11708832,16.4,0.73,30,5.79743814,NA,7.44,72.584,88.154,Americas,South America,4,14026.36641,NA
VNM,VIETNAM,2015,0,-7,1667.171783,109.8869934,NA,44.02000046,NA,7.903731231,45,NA,99.80340576,129.8315152,39.73328958,1.491286496,4.206112896,NA,105.1644592,17.2,NA,199,5.65262079,NA,1.85,75.11,33.809,Asia,South-Eastern Asia,-7,1579.20193,87.96985300000006
VUT,VANUATU,2015,1,NA,2680.127867,109.2918701,79.84105,60.61999893,NA,1.769261978,22.35140458,16.90670876,52.2941246,64.47755689,NA,0,0.784549066,NA,NA,24,NA,63,4.15773726,NA,1.81,69.869,24.961,Oceania,Melanesia,NA,2743.465412,-63.337544999999864
WSM,SAMOA (WESTERN),2015,0,NA,3558.178395,106.3727875,95.93403,32.33000183,NA,5.918465426,25.40700977,NA,99.04818726,62.27850325,73.7757595,0,0.40255564,NA,110.3240204,14.5,NA,11,5.6747098,NA,8.66,72.73,18.914,Oceania,Polynesia,NA,3435.295255,122.88313999999991
YEM,YEMEN,2015,0,0,785.33766,NA,NA,29.46999931,NA,4.310633953,24.08540947,NA,67.39666748,56.69113113,23.36007926,1.673473654,2.105148678,NA,NA,43.4,0.71,48,4.88250208,NA,13.4,66.085,34.777,Asia,Western Asia,0,1119.147363,-333.809703
ZAF,SOUTH AFRICA,2015,1,9,7556.788306,105.5703888,84.35479,5.610000134,NA,7.458613417,51.91911572,27.3427766,85.3,158.8829468,61.38933856,0.005081135,2.738260301,94.36791992,90.11048889,28.5,NA,988,8.20090294,NA,25.15,62.649,64.828,Africa,Southern Africa,9,7582.948137,-26.15983099999994
ZAR,"CONGO, DEM. REP.",2015,0,5,NA,NA,NA,NA,NA,NA,NA,NA,NA,NA,NA,NA,NA,NA,NA,NA,NA,NA,NA,NA,NA,NA,NA,NA,NA,5,NA,NA
ZMB,ZAMBIA,2015,1,7,1641.012428,101.4604797,NA,52.27000046,NA,0.731547069,NA,14.39396393,31.1,72.78457238,56.22041422,0,11.16358183,NA,NA,46.7,NA,391,4.43510246,1,10.1,61.737,41.907,Africa,Eastern Africa,7,1644.102519,-3.0900910000000295
ZWE,ZIMBABWE,2015,0,4,1234.102191,NA,NA,67.05999756,NA,2.415569756,22.7428181,17.6733632,33.7,92.34710538,58.6510603,0,4.561980836,NA,NA,42.9,NA,242,7.45206642,NA,5.29,59.534,32.385,Africa,Eastern Africa,4,1232.862234,1.239957000000004
NA,KOSOVO,2015,1,NA,NA,NA,NA,NA,NA,NA,NA,NA,NA,NA,NA,NA,NA,NA,NA,NA,NA,NA,NA,NA,NA,NA,NA,NA,NA,NA,NA,NA
NA,SERBIA,2015,1,NA,NA,NA,NA,NA,NA,NA,NA,NA,NA,NA,NA,NA,NA,NA,NA,NA,NA,NA,NA,NA,NA,NA,NA,NA,NA,NA,NA,NA
NA,MONTENEGRO,2015,1,9,NA,NA,NA,NA,NA,NA,NA,NA,NA,NA,NA,NA,NA,NA,NA,NA,NA,NA,NA,NA,NA,NA,NA,NA,NA,9,NA,NA
NA,"SUDAN, NORTH",2015,0,-4,NA,NA,NA,NA,NA,NA,NA,NA,NA,NA,NA,NA,NA,NA,NA,NA,NA,NA,NA,NA,NA,NA,NA,NA,NA,-4,NA,NA
NA,"SUDAN, SOUTH",2015,0,NA,NA,NA,NA,NA,NA,NA,NA,NA,NA,NA,NA,NA,NA,NA,NA,NA,NA,NA,NA,NA,NA,NA,NA,NA,NA,NA,NA,NA
